FlatNo,Location
Flat-1,"Block-B, Floor-9"
Flat-2,"Block-C, Floor-10"
Flat-3,"Block-B, Floor-7"
Flat-4,"Block-B, Floor-9"
Flat-5,"Block-C, Floor-1"
Flat-6,"Block-C, Floor-6"
Flat-7,"Block-B, Floor-5"
Flat-8,"Block-C, Floor-8"
Flat-9,"Block-D, Floor-1"
Flat-10,"Block-A, Floor-9"
Flat-11,"Block-B, Floor-7"
Flat-12,"Block-C, Floor-1"
Flat-13,"Block-B, Floor-6"
Flat-14,"Block-D, Floor-10"
Flat-15,"Block-C, Floor-9"
Flat-16,"Block-A, Floor-3"
Flat-17,"Block-A, Floor-2"
Flat-18,"Block-D, Floor-6"
Flat-19,"Block-D, Floor-8"
Flat-20,"Block-C, Floor-10"
Flat-21,"Block-A, Floor-5"
Flat-22,"Block-B, Floor-10"
Flat-23,"Block-B, Floor-10"
Flat-24,"Block-D, Floor-4"
Flat-25,"Block-B, Floor-3"
Flat-26,"Block-B, Floor-10"
Flat-27,"Block-B, Floor-8"
Flat-28,"Block-D, Floor-5"
Flat-29,"Block-B, Floor-3"
Flat-30,"Block-A, Floor-1"
Flat-31,"Block-B, Floor-5"
Flat-32,"Block-B, Floor-9"
Flat-33,"Block-B, Floor-5"
Flat-34,"Block-C, Floor-10"
Flat-35,"Block-A, Floor-4"
Flat-36,"Block-A, Floor-1"
Flat-37,"Block-A, Floor-1"
Flat-38,"Block-A, Floor-4"
Flat-39,"Block-C, Floor-4"
Flat-40,"Block-B, Floor-5"
Flat-41,"Block-D, Floor-10"
Flat-42,"Block-A, Floor-6"
Flat-43,"Block-C, Floor-5"
Flat-44,"Block-A, Floor-6"
Flat-45,"Block-B, Floor-2"
Flat-46,"Block-B, Floor-5"
Flat-47,"Block-B, Floor-2"
Flat-48,"Block-B, Floor-7"
Flat-49,"Block-A, Floor-9"
Flat-50,"Block-C, Floor-4"
