PersonID,Name,FlatNo,UserType,LoadSanctioned,Phase
1001,Oscar Jenkins,Flat-1,Residential,3.25,1-Phase
1002,Caleb Hughes,Flat-2,Residential,4.73,1-Phase
1003,Wendy Carter,Flat-3,Residential,7.44,1-Phase
1004,Grace Hall,Flat-4,Residential,1.57,1-Phase
1005,Ulysses Mitchell,Flat-5,Residential,7.34,1-Phase
1006,Jack Thompson,Flat-6,Residential,7.34,1-Phase
1007,Zoe Patterson,Flat-7,Residential,3.81,1-Phase
1008,Samuel Butler,Flat-8,Residential,5.19,1-Phase
1009,Fiona Murphy,Flat-9,Residential,2.83,3-Phase
1010,Laura Bryant,Flat-10,Residential,8.1,3-Phase
1011,Zoe Patterson,Flat-11,Residential,9.31,1-Phase
1012,Uma Baker,Flat-12,Residential,9.73,1-Phase
1013,Zane Coleman,Flat-13,Residential,7.01,3-Phase
1014,Jack Thompson,Flat-14,Residential,9.35,1-Phase
1015,Bob Smith,Flat-15,Residential,8.52,3-Phase
1016,Paul King,Flat-16,Residential,4.2,3-Phase
1017,Wendy Carter,Flat-17,Residential,4.83,3-Phase
1018,Sophia Hernandez,Flat-18,Residential,4.21,3-Phase
1019,Oscar Jenkins,Flat-19,Residential,3.33,1-Phase
1020,Sophia Hernandez,Flat-20,Residential,5,3-Phase
1021,Frank Miller,Flat-21,Residential,4.11,3-Phase
1022,Zoe Patterson,Flat-22,Residential,4.4,1-Phase
1023,George Ramirez,Flat-23,Residential,2.84,3-Phase
1024,Yasmine Stewart,Flat-24,Residential,3.32,1-Phase
1025,Quentin Fisher,Flat-25,Residential,8.84,3-Phase
1026,Alice Johnson,Flat-26,Residential,9.8,1-Phase
1027,Liam Scott,Flat-27,Residential,4.42,3-Phase
1028,Paul King,Flat-28,Residential,2.48,3-Phase
1029,Aaron Morris,Flat-29,Residential,6.17,3-Phase
1030,Wendy Carter,Flat-30,Residential,9.44,3-Phase
1031,Aaron Morris,Flat-31,Residential,6.7,1-Phase
1032,Liam Scott,Flat-32,Residential,9.25,3-Phase
1033,Liam Scott,Flat-33,Residential,2.74,1-Phase
1034,Charlie Brown,Flat-34,Residential,8.7,3-Phase
1035,Natalie Hayes,Flat-35,Residential,4.68,3-Phase
1036,Yasmine Stewart,Flat-36,Residential,8.83,1-Phase
1037,Alice Johnson,Flat-37,Residential,1.18,3-Phase
1038,Liam Scott,Flat-38,Residential,3.15,1-Phase
1039,Quinn Allen,Flat-39,Residential,1.28,1-Phase
1040,Mia Clark,Flat-40,Residential,9,1-Phase
1041,Henry White,Flat-41,Residential,6.78,1-Phase
1042,Henry White,Flat-42,Residential,6.59,1-Phase
1043,Laura Bryant,Flat-43,Residential,1.91,1-Phase
1044,Frank Miller,Flat-44,Residential,9.04,1-Phase
1045,Hannah Bailey,Flat-45,Residential,3.12,1-Phase
1046,Kevin Simmons,Flat-46,Residential,2.37,1-Phase
1047,Jack Thompson,Flat-47,Residential,9.49,3-Phase
1048,Fiona Murphy,Flat-48,Residential,5.82,3-Phase
1049,Alice Johnson,Flat-49,Residential,7.82,3-Phase
1050,Ulysses Mitchell,Flat-50,Residential,3.52,3-Phase
