ClassificationID,PersonID,FlatNo,AutoClassification,ManualClassification,UpdatedByAdmin,UpdateDate
1,1001,Flat-1,Protected,Protected,,2025-03-16 15:08:57
2,1002,Flat-2,Unprotected,Protected,3,2025-03-16 15:08:57
3,1003,Flat-3,Protected,Protected,10,2025-03-16 15:08:57
4,1004,Flat-4,Protected,Unprotected,4,2025-03-16 15:08:57
5,1005,Flat-5,Protected,NULL,,2025-03-16 15:08:57
6,1006,Flat-6,Protected,Unprotected,,2025-03-16 15:08:57
7,1007,Flat-7,Protected,Unprotected,,2025-03-16 15:08:57
8,1008,Flat-8,Protected,NULL,,2025-03-16 15:08:57
9,1009,Flat-9,Protected,Unprotected,9,2025-03-16 15:08:57
10,1010,Flat-10,Unprotected,NULL,1,2025-03-16 15:08:57
11,1011,Flat-11,Unprotected,Protected,,2025-03-16 15:08:57
12,1012,Flat-12,Unprotected,Protected,,2025-03-16 15:08:57
13,1013,Flat-13,Unprotected,Protected,,2025-03-16 15:08:57
14,1014,Flat-14,Protected,NULL,,2025-03-16 15:08:57
15,1015,Flat-15,Unprotected,Protected,5,2025-03-16 15:08:57
16,1016,Flat-16,Protected,Unprotected,,2025-03-16 15:08:57
17,1017,Flat-17,Protected,Unprotected,,2025-03-16 15:08:57
18,1018,Flat-18,Protected,Protected,,2025-03-16 15:08:57
19,1019,Flat-19,Unprotected,NULL,10,2025-03-16 15:08:57
20,1020,Flat-20,Unprotected,Unprotected,2,2025-03-16 15:08:57
21,1021,Flat-21,Protected,Unprotected,1,2025-03-16 15:08:57
22,1022,Flat-22,Protected,NULL,3,2025-03-16 15:08:57
23,1023,Flat-23,Protected,Protected,7,2025-03-16 15:08:57
24,1024,Flat-24,Unprotected,Unprotected,2,2025-03-16 15:08:57
25,1025,Flat-25,Unprotected,Protected,8,2025-03-16 15:08:57
26,1026,Flat-26,Protected,Protected,,2025-03-16 15:08:57
27,1027,Flat-27,Unprotected,Unprotected,,2025-03-16 15:08:57
28,1028,Flat-28,Protected,Protected,3,2025-03-16 15:08:57
29,1029,Flat-29,Protected,Protected,,2025-03-16 15:08:57
30,1030,Flat-30,Unprotected,Protected,,2025-03-16 15:08:57
31,1031,Flat-31,Protected,Protected,2,2025-03-16 15:08:57
32,1032,Flat-32,Protected,Unprotected,2,2025-03-16 15:08:57
33,1033,Flat-33,Unprotected,Protected,6,2025-03-16 15:08:57
34,1034,Flat-34,Protected,NULL,2,2025-03-16 15:08:57
35,1035,Flat-35,Protected,NULL,,2025-03-16 15:08:57
36,1036,Flat-36,Unprotected,Protected,4,2025-03-16 15:08:57
37,1037,Flat-37,Protected,Unprotected,,2025-03-16 15:08:57
38,1038,Flat-38,Protected,Unprotected,,2025-03-16 15:08:57
39,1039,Flat-39,Protected,Unprotected,,2025-03-16 15:08:57
40,1040,Flat-40,Protected,Protected,3,2025-03-16 15:08:57
41,1041,Flat-41,Unprotected,NULL,3,2025-03-16 15:08:57
42,1042,Flat-42,Protected,Protected,1,2025-03-16 15:08:57
43,1043,Flat-43,Unprotected,Protected,,2025-03-16 15:08:57
44,1044,Flat-44,Protected,Unprotected,,2025-03-16 15:08:57
45,1045,Flat-45,Unprotected,Unprotected,6,2025-03-16 15:08:57
46,1046,Flat-46,Protected,Protected,6,2025-03-16 15:08:57
47,1047,Flat-47,Unprotected,NULL,,2025-03-16 15:08:57
48,1048,Flat-48,Unprotected,NULL,,2025-03-16 15:08:57
49,1049,Flat-49,Unprotected,NULL,9,2025-03-16 15:08:57
50,1050,Flat-50,Protected,NULL,,2025-03-16 15:08:57
